{"2-num_bbox_preds": 997, "3-bbox_matches": 703, "4-precision_bbox": 0.709138752420153, "5-recall_bbox": 0.7983589743589743, "6-precision_spelling": 0.556602983083907, "1-num_gt_bboxes": 875, "7-recall_spelling": 0.6256581196581197}