{"2-num_bbox_preds": 303, "3-bbox_matches": 246, "4-precision_bbox": 0.8118811881188119, "5-recall_bbox": 0.82, "6-precision_spelling": 0.5907590759075908, "1-num_gt_bboxes": 300, "7-recall_spelling": 0.5966666666666667}