{"2-num_bbox_preds": 349, "3-bbox_matches": 274, "4-precision_bbox": 0.7851002865329513, "5-recall_bbox": 0.8430769230769231, "6-precision_spelling": 0.6819484240687679, "1-num_gt_bboxes": 325, "7-recall_spelling": 0.7323076923076923}