{"2-num_bbox_preds": 345, "1-num_gt_bboxes": 250, "5-recall_bbox": 0.732, "3-bbox_matches": 183, "7-recall_spelling": 0.66, "4-precision_bbox": 0.5304347826086957, "6-precision_spelling": 0.4782608695652174}