{"2-num_bbox_preds": 303, "1-num_gt_bboxes": 300, "5-recall_bbox": 0.82, "3-bbox_matches": 246, "7-recall_spelling": 0.7566666666666667, "4-precision_bbox": 0.8118811881188119, "6-precision_spelling": 0.7491749174917491}