{"2-num_bbox_preds": 997, "1-num_gt_bboxes": 875, "5-recall_bbox": 0.7983589743589743, "3-bbox_matches": 703, "6-precision_spelling": 0.662249369324624, "4-precision_bbox": 0.709138752420153, "7-recall_spelling": 0.744017094017094}