{"1-num_gt_bboxes": 875, "4-precision_bbox": 0.709138752420153, "5-recall_bbox": 0.7983589743589743, "3-bbox_matches": 703, "2-num_bbox_preds": 997, "7-recall_spelling": 0.7867008547008547, "6-precision_spelling": 0.6992533587481086}