{"6-precision_spelling": 0.3217391304347826, "3-bbox_matches": 183, "7-recall_spelling": 0.444, "4-precision_bbox": 0.5304347826086957, "5-recall_bbox": 0.732, "1-num_gt_bboxes": 250, "2-num_bbox_preds": 345}