{"6-precision_spelling": 0.4438579749341572, "3-bbox_matches": 703, "7-recall_spelling": 0.5004786324786324, "4-precision_bbox": 0.709138752420153, "5-recall_bbox": 0.7983589743589743, "1-num_gt_bboxes": 875, "2-num_bbox_preds": 997}