{"6-precision_spelling": 0.42244224422442245, "3-bbox_matches": 246, "7-recall_spelling": 0.4266666666666667, "4-precision_bbox": 0.8118811881188119, "5-recall_bbox": 0.82, "1-num_gt_bboxes": 300, "2-num_bbox_preds": 303}