{"6-precision_spelling": 0.5873925501432665, "3-bbox_matches": 274, "7-recall_spelling": 0.6307692307692307, "4-precision_bbox": 0.7851002865329513, "5-recall_bbox": 0.8430769230769231, "1-num_gt_bboxes": 325, "2-num_bbox_preds": 349}