{"7-recall_spelling": 0.284991452991453, "2-num_bbox_preds": 997, "5-recall_bbox": 0.7983589743589743, "3-bbox_matches": 703, "1-num_gt_bboxes": 875, "4-precision_bbox": 0.709138752420153, "6-precision_spelling": 0.2531963698425405}