{"7-recall_spelling": 0.4123076923076923, "2-num_bbox_preds": 349, "5-recall_bbox": 0.8430769230769231, "3-bbox_matches": 274, "1-num_gt_bboxes": 325, "4-precision_bbox": 0.7851002865329513, "6-precision_spelling": 0.3839541547277937}