{"7-recall_spelling": 0.20666666666666667, "2-num_bbox_preds": 303, "5-recall_bbox": 0.82, "3-bbox_matches": 246, "1-num_gt_bboxes": 300, "4-precision_bbox": 0.8118811881188119, "6-precision_spelling": 0.20462046204620463}