{"5-recall_bbox": 0.7983589743589743, "2-num_bbox_preds": 997, "7-recall_spelling": 0.48353846153846153, "6-precision_spelling": 0.4322385546141509, "4-precision_bbox": 0.709138752420153, "1-num_gt_bboxes": 875, "3-bbox_matches": 703, "8-MRR": 1.6002870631938877, "9-recall_at_200": 1.9785128205128206}